customer_id,name,email,country,registration_date
1,Allison Hill,jillrhodes@miller.com,USA,2024-02-02
7,Renee Morales,robinbradley@edwards.info,USA,2023-11-24
8,David Hoffman,zhurst@yahoo.com,USA,2024-01-23
12,Katie Gonzalez,amberosborne@hotmail.com,USA,2025-07-19
29,Sarah Wagner,davisrodney@yahoo.com,USA,2023-09-09
30,Ray Walsh,joycearnold@yahoo.com,USA,2024-10-14
32,Rebecca Valencia,evelynestrada@yahoo.com,USA,2025-04-02
38,Steven Lee,zsmith@mcdaniel.com,USA,2024-05-14
40,James Phillips,robertbentley@adkins.biz,USA,2024-10-04
44,Janet Ross,staffordmichelle@osborne.com,USA,2025-04-21
48,Francisco Fernandez,jessebenson@lewis.info,USA,2024-06-23
50,Kimberly Morrison,brobinson@johnson-rogers.biz,USA,2025-02-18
60,Gabrielle Snyder,tonykelly@yahoo.com,USA,2024-04-26
75,Katherine Davis,qcook@gmail.com,USA,2025-06-02
93,Melissa Garner,swall@lawson.com,USA,2024-12-12
95,Theodore Murphy,jamesbuchanan@yahoo.com,USA,2024-09-21
99,Alexander Henson,deborahreid@yahoo.com,USA,2025-07-12
105,April Garrison,amberlindsey@guerrero.com,USA,2023-08-17
108,Jessica Rodriguez,lammarc@gmail.com,USA,2023-09-26
116,Andrea Figueroa,reesejason@chavez-moore.com,USA,2025-02-16
126,Kristy Reid,edward17@yahoo.com,USA,2024-12-08
132,Emily Bennett,elizabethcalderon@hotmail.com,USA,2025-01-19
133,Anna Santiago,coxhenry@gmail.com,USA,2024-04-27
135,Sherri Williamson,francisguerra@hotmail.com,USA,2025-04-25
149,Timothy Robertson,benjamin34@yahoo.com,USA,2025-06-05
152,Brian Murphy,sean62@hotmail.com,USA,2024-07-15
158,Jill Miller,jenna88@yahoo.com,USA,2025-06-28
161,Evan Jones,david89@gmail.com,USA,2025-03-24
164,Caroline David,donnale@morgan.com,USA,2023-10-08
175,Carla Ewing,william88@yahoo.com,USA,2025-02-06
176,Karen Smith,whitneybrandy@hotmail.com,USA,2025-06-13
183,Raymond Thomas,stephanie15@douglas-burgess.com,USA,2024-01-09
187,Anthony Mack,gentrygregory@peck.biz,USA,2025-04-09
198,Michael Weaver,andersenthomas@ortiz-mack.biz,USA,2024-05-22
200,Hannah White,jessicawalker@gmail.com,USA,2025-03-15
203,Kyle Warner,joymorales@fernandez.com,USA,2024-08-31
233,Manuel Brock,pcook@hotmail.com,USA,2023-11-19
235,Katherine Johnston,nicholas65@frederick.org,USA,2024-10-02
236,Randall Johnson,samuelcarter@hotmail.com,USA,2023-09-28
239,Warren Miles,mackdiane@jackson-salazar.org,USA,2024-12-19
242,Mrs. Elizabeth Knapp MD,larry73@webb.info,USA,2024-04-09
255,Gregory Campbell,tiffany44@adams.com,USA,2023-11-19
258,Jesse Schultz,rrobertson@mayer.com,USA,2024-10-31
259,Raymond Oconnor,melissa86@gmail.com,USA,2024-07-04
264,Blake Wheeler,smithmatthew@gmail.com,USA,2025-06-04
273,Bradley Miller,amandamyers@hines.com,USA,2025-01-29
276,Shelley Quinn,rogersruben@brown.com,USA,2024-08-25
277,Ian Porter,eric19@sharp.com,USA,2025-06-02
288,Eric Baker,mooregina@terry.com,USA,2023-11-29
300,Alicia Woods,lindsaypeterson@gmail.com,USA,2025-07-19
