customer_id,name,email,country,registration_date
1,Allison Hill,jillrhodes@miller.com,USA,2024-02-02
2,Alyssa Gonzalez,shaneramirez@gmail.com,Spain,2025-03-17
3,Melissa Peterson,susanrogers@james.com,Germany,2024-11-16
4,Andrew Stevens,smiller@montgomery.com,UK,2023-09-10
5,Patricia Galloway,jamesshawn@martin-kelly.com,UK,2025-02-01
6,Maria Lynch,frankgray@watts.com,Mexico,2024-01-30
7,Renee Morales,robinbradley@edwards.info,USA,2023-11-24
8,David Hoffman,zhurst@yahoo.com,USA,2024-01-23
9,Brenda Snyder PhD,courtneyconner@carlson-cruz.org,France,2024-08-03
10,Tricia Valencia,maldonadoamanda@mack-peterson.com,Spain,2024-07-08
11,Aaron Bowen,williamrodriguez@hotmail.com,Spain,2024-03-24
12,Katie Gonzalez,amberosborne@hotmail.com,USA,2025-07-19
13,Fred Smith,john39@gmail.com,UK,2023-10-11
14,Rose Spence,donnaarroyo@baker.biz,UK,2024-01-17
15,Nicole Vaughn,pcarney@yahoo.com,Spain,2024-07-11
16,Jocelyn Wright,andrew83@robinson.com,UK,2023-09-27
17,Shannon Jones,elizabeth38@cummings.org,France,2024-08-07
18,John Russell,hopkinsmichael@owens-daniel.com,UK,2023-09-22
19,Gerald Hensley,jameswest@white-ford.com,Canada,2024-07-15
20,Savannah Garcia,housemelinda@russell.com,Germany,2025-06-07
21,Anthony Gray,sara74@yahoo.com,Spain,2025-01-28
22,Whitney Peters,jamesrobinson@gmail.com,Mexico,2024-10-28
23,Amy Edwards,hshaw@brown.com,France,2025-05-28
24,Kurt Leonard,kwilson@riley.org,Argentina,2023-10-08
25,Kevin Mills,elizabethedwards@yahoo.com,Germany,2024-06-08
26,Matthew Bryant,ellisyolanda@jones.net,Mexico,2024-02-27
27,Gregory Jones,justin78@turner.net,UK,2023-08-12
28,Kristen Huynh,josephpreston@tran.com,Argentina,2024-01-11
29,Sarah Wagner,davisrodney@yahoo.com,USA,2023-09-09
30,Ray Walsh,joycearnold@yahoo.com,USA,2024-10-14
31,Benjamin Ware,davenportbrandi@jordan.com,France,2024-05-15
32,Rebecca Valencia,evelynestrada@yahoo.com,USA,2025-04-02
33,Shelly Dickson,michellecherry@keith.com,Argentina,2025-02-28
34,Rachel Jenkins,erik16@garrison.com,Argentina,2025-05-01
35,Hannah Hoover,andrewlee@ramirez-jones.com,Germany,2024-05-04
36,Jennifer Zavala,wilsontara@gmail.com,Spain,2024-10-29
37,Deborah Rodriguez,jessica56@hotmail.com,Canada,2024-09-06
38,Steven Lee,zsmith@mcdaniel.com,USA,2024-05-14
39,Travis Mccall,cortezkevin@yahoo.com,France,2025-01-04
40,James Phillips,robertbentley@adkins.biz,USA,2024-10-04
41,Elizabeth Clark,rramos@gmail.com,Germany,2024-09-06
42,Steven Flynn,campbellelizabeth@rogers.com,Argentina,2024-01-27
43,Brittany Williams,gibsonolivia@hotmail.com,UK,2024-01-04
44,Janet Ross,staffordmichelle@osborne.com,USA,2025-04-21
45,Kelly Williams,bryantlaurie@schmidt.info,Spain,2024-11-23
46,Stephanie Simmons,juliawells@yahoo.com,UK,2025-03-11
47,Mark Cannon,joshuajones@yahoo.com,Germany,2024-02-04
48,Francisco Fernandez,jessebenson@lewis.info,USA,2024-06-23
49,Ross Price,wwoods@molina-castaneda.biz,UK,2024-09-27
50,Kimberly Morrison,brobinson@johnson-rogers.biz,USA,2025-02-18
51,John Anderson,qvargas@miller.com,France,2025-06-09
52,Anthony Gray,wmurphy@ramirez-bean.biz,Germany,2024-02-17
53,Julie Curry,jeffrey10@herring.com,Canada,2024-11-30
54,Cameron Caldwell,xlyons@jackson-lawson.com,Argentina,2025-04-01
55,Traci Rodriguez,barbara66@gonzalez.com,Mexico,2023-10-24
56,Elizabeth Sutton,reedross@jones-holland.com,Argentina,2025-05-26
57,John Hamilton,bzimmerman@gmail.com,Argentina,2025-02-25
58,Marie Gilbert,ugraham@hotmail.com,UK,2024-03-01
59,David Michael,dsanchez@hotmail.com,Germany,2024-11-22
60,Gabrielle Snyder,tonykelly@yahoo.com,USA,2024-04-26
61,Kyle Beard,christophercortez@peters-allen.info,Mexico,2024-12-19
62,Joan Smith,richardsanchez@hotmail.com,UK,2024-10-30
63,Juan Cooper,jacqueline44@yahoo.com,Mexico,2024-02-01
64,Corey Wilson,javierwashington@lawrence.com,Canada,2025-05-13
65,Darren White,joshuamccann@carter.info,France,2023-10-24
66,Laura Harrison,jack04@yahoo.com,Germany,2023-11-02
67,Jennifer Jones,edwardhart@miller-wright.net,UK,2025-03-21
68,Kyle Montgomery,tkerr@hotmail.com,Argentina,2024-07-04
69,Marc Lynch,colleenbaker@moore.net,Spain,2023-10-03
70,Jason Norris,antonio44@hotmail.com,UK,2025-06-03
71,Michael Bradshaw,owilson@hernandez.com,Spain,2023-12-12
72,Linda Holloway,smartinez@yahoo.com,Argentina,2025-01-30
73,Dillon Fernandez,georgepamela@hotmail.com,France,2024-04-12
74,Allison Perez,barbara27@pearson.org,Germany,2024-07-09
75,Katherine Davis,qcook@gmail.com,USA,2025-06-02
76,Jason Simpson,gibsonleonard@yahoo.com,UK,2023-11-04
77,Jennifer Robertson,mgutierrez@cox.com,Argentina,2024-01-11
78,Carlos Roberts,johnsoncrystal@gmail.com,UK,2025-02-07
79,Juan Tran,victoriadurham@valentine-holland.com,Canada,2024-08-27
80,Dorothy Thornton,pbaird@yahoo.com,France,2024-10-07
81,Connor Greene,hillkristy@morgan-french.com,Canada,2025-05-04
82,Nicholas Monroe,seanwashington@yahoo.com,Mexico,2024-10-07
83,Jamie Cantu,ashleyhall@williams-garner.biz,Germany,2024-05-31
84,Rebecca Pearson MD,waynelawrence@sawyer.com,Mexico,2024-09-17
85,Alexis Thomas,harrisontanya@hanson-sanders.com,UK,2025-05-28
86,Michael Ferguson,cbrennan@hotmail.com,Germany,2023-09-28
87,Michael Mitchell,hamiltoncorey@padilla.com,France,2025-07-07
88,Frederick Brown,ryan38@yahoo.com,France,2024-10-18
89,Catherine Thompson,tyleraguilar@gmail.com,Argentina,2024-07-29
90,Julia Estrada,erica21@yahoo.com,UK,2024-04-30
91,Elizabeth Hayden DDS,james67@gmail.com,Mexico,2024-02-06
92,Ian Phillips,spencedominique@yahoo.com,Canada,2023-08-12
93,Melissa Garner,swall@lawson.com,USA,2024-12-12
94,David Campos,bergerdebbie@kramer-johnson.com,Spain,2025-02-24
95,Theodore Murphy,jamesbuchanan@yahoo.com,USA,2024-09-21
96,Denise Martin,julie51@yahoo.com,Mexico,2023-10-03
97,Vincent Dalton,christopher60@yahoo.com,Mexico,2024-09-25
98,Jacob Curry,xcarson@gmail.com,France,2025-01-11
99,Alexander Henson,deborahreid@yahoo.com,USA,2025-07-12
100,Marie Wilson,torrestravis@young.com,France,2024-06-02
101,Michael Paul,nicolepena@yahoo.com,France,2024-11-26
102,Trevor Johnson,scottsampson@yahoo.com,Canada,2023-10-22
103,Mrs. Stephanie Newman,hhill@davis-lewis.org,Germany,2023-08-22
104,Gavin Zhang,gallegosangela@robinson.com,Spain,2025-04-09
105,April Garrison,amberlindsey@guerrero.com,USA,2023-08-17
106,Richard Chapman,josephmartinez@fox-reese.info,Germany,2024-07-19
107,Kayla Rodriguez,acostaregina@boyd.com,Argentina,2024-08-12
108,Jessica Rodriguez,lammarc@gmail.com,USA,2023-09-26
109,Marcus Richards,hvang@yahoo.com,Germany,2024-07-23
110,Jessica Mcguire,russellbeasley@morgan-chavez.biz,France,2025-02-22
111,Jeffery Ortega,gloriawells@gmail.com,Mexico,2025-05-13
112,Jeffrey Garner,angelawillis@hotmail.com,Canada,2024-10-15
113,Bryan Gomez,schmittcaroline@yahoo.com,Spain,2023-10-25
114,Christy Douglas,bellangela@farmer.com,Germany,2025-04-23
115,Justin Saunders,anthony44@bell-white.com,Mexico,2024-10-18
116,Andrea Figueroa,reesejason@chavez-moore.com,USA,2025-02-16
117,Todd Carlson,ericwilliamson@miller.org,Germany,2024-07-14
118,Daniel Hunt,rrodriguez@hotmail.com,UK,2024-11-08
119,Mr. Andrew Foster,harrissierra@duran.com,Mexico,2023-11-07
120,Paul Thompson,vincentwhitaker@yahoo.com,Argentina,2023-09-30
121,Patrick Graham,atkinsbarbara@hotmail.com,Mexico,2024-06-15
122,Jennifer Wilson,george97@gillespie.com,Spain,2024-07-09
123,Kelly Foster,jeffrey21@hotmail.com,Argentina,2024-12-09
124,Jordan Bullock,jessica23@gmail.com,Canada,2023-11-27
125,Christopher Hernandez,stephanieburton@webster-wolf.info,Spain,2025-01-16
126,Kristy Reid,edward17@yahoo.com,USA,2024-12-08
127,Donald Brown,steven00@decker-jones.com,Argentina,2024-11-25
128,Janice Carpenter,kstout@lopez.com,Germany,2024-07-20
129,Steven Cooper,benjaminzimmerman@warren-bishop.com,UK,2024-05-21
130,Jasmine Schroeder,cameron18@hughes.org,Spain,2025-06-14
131,Brad Alvarado,tammy62@hotmail.com,UK,2025-02-06
132,Emily Bennett,elizabethcalderon@hotmail.com,USA,2025-01-19
133,Anna Santiago,coxhenry@gmail.com,USA,2024-04-27
134,Katelyn Perez,chrisrichard@romero.net,Canada,2023-09-04
135,Sherri Williamson,francisguerra@hotmail.com,USA,2025-04-25
136,Michelle Williams,tarabishop@hotmail.com,Mexico,2025-04-05
137,Joseph Collins,michealvalentine@yahoo.com,Mexico,2024-07-29
138,Paula Shaw,lisasolis@gmail.com,Canada,2025-06-14
139,Martin Sawyer,mitchellkathryn@cole-palmer.biz,Mexico,2023-10-16
140,Courtney Hayes,perryrandy@yahoo.com,Germany,2024-02-05
141,Brad Walker,combsdebra@gmail.com,France,2023-11-20
142,Thomas Kennedy,awest@smith.com,UK,2024-10-05
143,Lisa Henderson,kevinwilliams@yahoo.com,UK,2024-12-14
144,Joyce Rodriguez,chenbailey@hotmail.com,Germany,2023-11-25
145,Aaron Gomez,elizabethmiller@yahoo.com,France,2023-09-27
146,Kimberly Hartman,cmarks@hughes.com,Argentina,2025-04-09
147,David Sandoval,dennis58@li-thompson.info,Canada,2025-01-27
148,Clarence Taylor,carterbradley@gmail.com,Canada,2025-06-24
149,Timothy Robertson,benjamin34@yahoo.com,USA,2025-06-05
150,Sharon Rivera,samuel67@morgan-lopez.info,UK,2024-05-17
151,Kelly Owen,jordanwanda@gmail.com,UK,2024-10-02
152,Brian Murphy,sean62@hotmail.com,USA,2024-07-15
153,Andrew Berg,yhill@gmail.com,Argentina,2023-10-03
154,Jennifer Palmer,thomascathy@johnson-jones.com,Spain,2024-05-13
155,Keith Jacobs,nathan19@gmail.com,UK,2024-09-20
156,Ernest Ramirez,fitzgeraldvictor@mcintyre-wilson.com,UK,2025-02-02
157,Zachary Mitchell,davidfarrell@yahoo.com,Spain,2023-12-18
158,Jill Miller,jenna88@yahoo.com,USA,2025-06-28
159,Christopher Mckinney,william13@young.com,Spain,2024-05-12
160,Jackie Lara,jonesraymond@higgins.org,UK,2023-10-02
161,Evan Jones,david89@gmail.com,USA,2025-03-24
162,Jessica Bartlett,holmeskevin@morris.com,Spain,2024-04-30
163,Kelly Campbell,james84@weber.net,Argentina,2023-10-17
164,Caroline David,donnale@morgan.com,USA,2023-10-08
165,Martin Ray,bmontgomery@small-gardner.com,UK,2024-08-15
166,Robert Sullivan,barkereric@yahoo.com,Germany,2024-08-16
167,Gerald Thomas,theresa25@hotmail.com,Canada,2024-10-15
168,David Martinez,donaldwilliams@yahoo.com,UK,2025-06-07
169,Danielle Grimes,sarah53@jimenez.info,Mexico,2024-08-27
170,Kathleen Davis,nlevy@hotmail.com,Canada,2024-05-06
171,Douglas Harper,amanda16@gmail.com,UK,2025-06-21
172,Jacob Powell,jwilliams@cox.com,Canada,2024-06-01
173,Pamela Ramirez,theresalong@grant-diaz.com,France,2024-01-07
174,Jennifer Williams,jenniferbrock@bryant.com,UK,2025-07-29
175,Carla Ewing,william88@yahoo.com,USA,2025-02-06
176,Karen Smith,whitneybrandy@hotmail.com,USA,2025-06-13
177,Alyssa Wells,silvageorge@griffith.com,France,2023-08-30
178,Melody Lee,robert63@yahoo.com,Argentina,2024-08-29
179,Tami Salas,aprilhoffman@mendoza.info,France,2025-07-14
180,Kimberly Lowe,plee@yahoo.com,France,2024-10-12
181,Todd Hendrix,hannahburns@yahoo.com,Canada,2024-05-02
182,Taylor Griffith,berryamy@yahoo.com,Spain,2025-05-02
183,Raymond Thomas,stephanie15@douglas-burgess.com,USA,2024-01-09
184,Denise Hoffman,danielyang@gmail.com,Spain,2024-02-10
185,Taylor Perez,garciamark@garcia-townsend.com,France,2024-10-06
186,Brooke Delgado,wsantos@yahoo.com,Argentina,2024-04-11
187,Anthony Mack,gentrygregory@peck.biz,USA,2025-04-09
188,Timothy Hayden DVM,evanscarrie@mitchell-hays.net,UK,2024-09-16
189,Todd Rosales MD,riverajessica@scott.com,UK,2024-10-20
190,Cheryl Carr,frobertson@yahoo.com,UK,2025-01-06
191,William Woods,greenjoe@finley-turner.org,Canada,2023-08-14
192,Ian Young,zparker@shaw.com,Mexico,2025-01-23
193,Thomas Phillips,susanmendoza@adkins-obrien.biz,France,2025-02-01
194,Kaitlin Medina,erinlarson@fox.com,Mexico,2023-10-05
195,Ashley Poole,franklinbond@wilson-harris.org,Germany,2024-08-19
196,Jordan Stokes,williambryant@gmail.com,Canada,2024-10-13
197,Robert Cummings,lisa39@gmail.com,UK,2023-09-10
198,Michael Weaver,andersenthomas@ortiz-mack.biz,USA,2024-05-22
199,Janet Kane DVM,vegadorothy@hotmail.com,Canada,2023-11-17
200,Hannah White,jessicawalker@gmail.com,USA,2025-03-15
201,Edwin Nunez,pmorrow@yahoo.com,Spain,2024-04-30
202,Colin Golden,pachecorobert@allen.com,Spain,2024-11-09
203,Kyle Warner,joymorales@fernandez.com,USA,2024-08-31
204,Cynthia Hendricks DDS,kevinthomas@hotmail.com,UK,2024-09-13
205,Eric Brown,dpeters@david-powers.net,Mexico,2024-04-09
206,Jennifer Evans,oallen@mathews-thomas.info,France,2025-07-16
207,Jason Butler,nsanchez@lucas-nielsen.com,Canada,2023-10-16
208,Sandra Williams,russojacob@hotmail.com,Canada,2025-02-18
209,Claire Clark,susan03@gmail.com,UK,2025-03-03
210,Zachary Mendoza,randyallen@rowe-james.net,France,2024-12-21
211,Dennis Hunt,ugarcia@yahoo.com,Spain,2025-03-19
212,Suzanne Wood,hartjeffrey@gmail.com,Mexico,2023-08-18
213,Timothy Riley,elijah53@yahoo.com,France,2024-10-21
214,Kathryn Pena,kathryn77@yahoo.com,Spain,2023-12-14
215,Heather Taylor,sabrinaweaver@hotmail.com,France,2023-09-20
216,Sara Jones,gutierrezmegan@jones.com,Germany,2024-01-22
217,Jacqueline Williamson,ismith@hotmail.com,Canada,2024-06-20
218,Joseph Hill,shawheidi@yahoo.com,Germany,2025-04-23
219,Cassie Hull,jamesfox@adams-sanders.com,France,2024-06-16
220,David Terry,valdezmichele@gmail.com,Canada,2023-10-17
221,James Alvarez,christopherbruce@mueller.com,Mexico,2025-07-01
222,Amanda Lewis,brandon14@hotmail.com,UK,2024-10-16
223,Cassie Jefferson,brendagoodwin@nicholson.org,Germany,2024-02-08
224,Sarah Rhodes,icampos@hotmail.com,UK,2025-02-18
225,Patrick Reed,ehall@jacobs-austin.org,Spain,2024-06-09
226,Erin Walters,jperez@yahoo.com,Spain,2024-07-06
227,Kevin James,jennifermiller@gmail.com,Argentina,2024-05-27
228,Madison Singh,daniel04@yahoo.com,Spain,2024-05-11
229,Ashley Miller,ghawkins@yahoo.com,Spain,2023-10-25
230,Hector Davis,asmith@yahoo.com,Canada,2025-04-02
231,Steven Stein,ginajackson@turner-snyder.com,Mexico,2023-12-13
232,Jason Washington,johnathan37@jensen.com,Spain,2024-06-08
233,Manuel Brock,pcook@hotmail.com,USA,2023-11-19
234,Larry Dominguez,gregory65@yahoo.com,Mexico,2025-02-26
235,Katherine Johnston,nicholas65@frederick.org,USA,2024-10-02
236,Randall Johnson,samuelcarter@hotmail.com,USA,2023-09-28
237,Rebecca Ortiz,cynthiaallen@hotmail.com,UK,2023-12-03
238,Rachel Jones,sferguson@yahoo.com,France,2024-10-01
239,Warren Miles,mackdiane@jackson-salazar.org,USA,2024-12-19
240,Jennifer Goodwin,smithjonathan@hotmail.com,UK,2025-03-08
241,Lauren Johnston,peter98@gmail.com,Spain,2024-04-29
242,Mrs. Elizabeth Knapp MD,larry73@webb.info,USA,2024-04-09
243,Andrew Page,deborah23@thompson.info,France,2024-02-02
244,Lori Lopez,njohnson@gmail.com,Argentina,2024-07-20
245,Jasmine Bush,karen19@lloyd.com,Germany,2024-05-16
246,Jim Baker,candice96@hotmail.com,UK,2023-11-02
247,Ryan Williamson,powerslawrence@gmail.com,Argentina,2024-03-30
248,James Thomas,kcarlson@yahoo.com,UK,2024-06-29
249,Mark Steele,tracytaylor@wilkinson-harvey.com,Germany,2023-08-13
250,Mr. James Hoffman,acohen@hotmail.com,France,2025-05-19
251,Christopher Cunningham,antonio38@jackson-ellis.info,Mexico,2024-10-05
252,Laura Adams,wolfscott@gmail.com,Germany,2024-07-01
253,Ronald Potter,colemichael@gmail.com,Canada,2024-07-12
254,Autumn Cain,michelle96@jensen.com,Argentina,2025-04-22
255,Gregory Campbell,tiffany44@adams.com,USA,2023-11-19
256,Rachel Sellers,jacquelineanderson@gmail.com,Spain,2025-02-08
257,David Bridges,othomas@yahoo.com,Canada,2024-12-05
258,Jesse Schultz,rrobertson@mayer.com,USA,2024-10-31
259,Raymond Oconnor,melissa86@gmail.com,USA,2024-07-04
260,Kathleen Morris,amy29@yahoo.com,UK,2025-04-09
261,Michael Williams,ksmith@bryant-braun.biz,Germany,2024-01-10
262,Susan Khan MD,penajohn@yahoo.com,Mexico,2025-01-03
263,Carol Sanders,rubendavis@gmail.com,Argentina,2023-08-06
264,Blake Wheeler,smithmatthew@gmail.com,USA,2025-06-04
265,Carlos Jones,crosscurtis@yahoo.com,UK,2024-05-17
266,Breanna Ayala,caseyelliott@santos.com,Argentina,2025-07-20
267,Michael Heath,taylordavid@cruz.com,Germany,2024-02-14
268,Bradley Tran,abbottdominique@yahoo.com,Mexico,2024-01-12
269,Katrina Adkins,bowerslaura@gmail.com,Canada,2024-08-24
270,David Little,hatfieldsarah@hughes.biz,Germany,2024-05-15
271,Carrie Ruiz,matthewsalexander@williams.biz,Spain,2024-09-02
272,Micheal Wang,imiller@hotmail.com,Germany,2024-11-26
273,Bradley Miller,amandamyers@hines.com,USA,2025-01-29
274,Troy Allen,middletondarren@lynch.com,Mexico,2023-11-06
275,Chad Smith,alexandra42@yahoo.com,Germany,2023-11-12
276,Shelley Quinn,rogersruben@brown.com,USA,2024-08-25
277,Ian Porter,eric19@sharp.com,USA,2025-06-02
278,Dana Ruiz,haroldhorne@gmail.com,Mexico,2024-10-08
279,Michelle Rios,john54@duncan.net,Germany,2025-01-09
280,Cassie Brock,djones@ayala-collins.com,Germany,2024-10-08
281,Jacob Carter,stevenvargas@yahoo.com,UK,2025-03-28
282,Morgan Payne,adamortiz@weaver.com,Argentina,2024-04-22
283,Matthew Sweeney,harristonya@yahoo.com,UK,2024-08-22
284,Valerie Thomas,williamsjesse@hotmail.com,Germany,2024-06-21
285,Jacqueline Villegas,wagnerdana@jones-bradley.biz,Canada,2025-01-01
286,Cynthia Green,vhaynes@yahoo.com,Germany,2024-04-09
287,David Harding,moorefrank@edwards-martinez.com,Spain,2025-03-26
288,Eric Baker,mooregina@terry.com,USA,2023-11-29
289,David Kelly,jorge20@bond-hawkins.net,France,2024-02-16
290,Brian Leon,brownkimberly@anderson.com,Germany,2025-01-20
291,Maria Aguilar,johnsoncaleb@hotmail.com,Spain,2024-07-15
292,Anna Boone,williamssteven@gmail.com,Spain,2025-07-23
293,Samantha Foster,lvega@lewis-lopez.com,Argentina,2024-07-17
294,Amanda Harvey,victor87@miller.com,Mexico,2024-06-26
295,Stephen Fox,wcasey@stephens-washington.org,Germany,2024-08-30
296,Devin Johnson,huangkimberly@stokes.net,Mexico,2024-05-09
297,Yvonne Dickson,dianeadams@brown.biz,Canada,2024-05-07
298,Wendy Thompson,linda59@warner.org,France,2024-10-16
299,Travis Copeland,gregory01@gmail.com,Spain,2024-02-02
300,Alicia Woods,lindsaypeterson@gmail.com,USA,2025-07-19
